26-07-20,00:25:41,Margin: 1.0, Profit/loss: 100.0, Stops: 0, Targets: 0
26-07-20,00:25:41,Stops: []
26-07-20,00:25:41,Targets: []
26-07-20,00:25:41,margins: []
26-07-20,00:25:41,Profit/loss: 0.0%
26-07-20,00:43:49,Margin: 1.05924, Profit/loss: 105.92, Stops: 0, Targets: 3
26-07-20,00:43:49,Stops: []
26-07-20,00:43:49,Targets: [['2020-07-16T09:15:00+00:00', 9094.0], ['2020-07-22T22:30:00+00:00', 9515.0], ['2020-07-25T17:20:00+00:00', 9712.5]]
26-07-20,00:43:49,margins: ['S_target,1.0199087999476852', 'L_target,1.0394013982825445', 'L_target,1.0592389447305015']
26-07-20,00:43:49,Profit/loss: 5.92%
26-07-20,00:43:49,Winrate: 100.0%
26-07-20,00:43:49,Signals: ['SHORT = 2020-07-09T17:10:00+00:00', 'LONG = 2020-07-21T09:55:00+00:00', 'LONG = 2020-07-23T00:45:00+00:00']
26-07-20,00:43:49,(////////////////////////////////////////////////////////
26-07-20,00:44:04,Margin: 1.05597, Profit/loss: 105.6, Stops: 1, Targets: 4
26-07-20,00:44:04,Stops: [['2020-07-06T12:30:00+00:00', 9248.5]]
26-07-20,00:44:04,Targets: [['2020-07-08T14:00:00+00:00', 9448.5], ['2020-07-16T09:00:00+00:00', 9047.0], ['2020-07-22T22:30:00+00:00', 9550.0], ['2020-07-25T17:15:00+00:00', 9714.5]]
26-07-20,00:44:04,margins: ['S_stop,0.9788962735772577', 'L_target,0.9976183787495763', 'S_target,1.0175067214831357', 'L_target,1.0369256024995297', 'L_target,1.0567585193449227']
26-07-20,00:44:04,Profit/loss: 5.6%
26-07-20,00:44:04,Winrate: 80.0%
26-07-20,00:44:04,Signals: ['SHORT = 2020-07-02T20:30:00+00:00', 'LONG = 2020-07-06T22:00:00+00:00', 'SHORT = 2020-07-09T21:15:00+00:00', 'LONG = 2020-07-21T16:15:00+00:00', 'LONG = 2020-07-23T03:45:00+00:00', 'LONG = 2020-07-26T00:00:00+00:00']
26-07-20,00:44:04,(////////////////////////////////////////////////////////
26-07-20,00:47:31,Margin: 1.05597, Profit/loss: 105.6, Stops: 1, Targets: 4
26-07-20,00:47:31,Stops: [['2020-07-06T12:30:00+00:00', 9248.5]]
26-07-20,00:47:31,Targets: [['2020-07-08T14:00:00+00:00', 9448.5], ['2020-07-16T09:00:00+00:00', 9047.0], ['2020-07-22T22:30:00+00:00', 9550.0], ['2020-07-25T17:15:00+00:00', 9714.5]]
26-07-20,00:47:31,margins: ['S_stop,0.9788962735772577', 'L_target,0.9976183787495763', 'S_target,1.0175067214831357', 'L_target,1.0369256024995297', 'L_target,1.0567585193449227']
26-07-20,00:47:31,Profit/loss: 5.6%
26-07-20,00:47:31,Winrate: 80.0%
26-07-20,00:47:31,Signals: ['SHORT = 2020-07-02T20:30:00+00:00', 'LONG = 2020-07-06T22:00:00+00:00', 'SHORT = 2020-07-09T21:15:00+00:00', 'LONG = 2020-07-21T16:15:00+00:00', 'LONG = 2020-07-23T03:45:00+00:00', 'LONG = 2020-07-26T00:00:00+00:00']
26-07-20,00:47:31,(////////////////////////////////////////////////////////
26-07-20,02:20:14,Margin: 0.99888, Profit/loss: 99.89, Stops: 8, Targets: 9
26-07-20,02:20:14,Stops: [['2020-06-07T19:30:00+00:00', 9664.0], ['2020-06-11T12:45:00+00:00', 9720.0], ['2020-06-12T13:45:00+00:00', 9538.0], ['2020-06-15T15:30:00+00:00', 9277.5], ['2020-06-17T20:00:00+00:00', 9314.5], ['2020-06-24T10:30:00+00:00', 9379.0], ['2020-07-02T15:00:00+00:00', 9052.5], ['2020-07-06T12:30:00+00:00', 9248.5]]
26-07-20,02:20:14,Targets: [['2020-06-07T14:00:00+00:00', 9468.5], ['2020-06-10T18:30:00+00:00', 9953.5], ['2020-06-25T03:00:00+00:00', 9095.5], ['2020-06-27T19:45:00+00:00', 8915.0], ['2020-07-01T16:30:00+00:00', 9289.0], ['2020-07-08T14:00:00+00:00', 9448.5], ['2020-07-16T09:00:00+00:00', 9047.0], ['2020-07-22T22:30:00+00:00', 9550.0], ['2020-07-25T17:15:00+00:00', 9714.5]]
26-07-20,02:20:14,margins: ['S_target,1.0198894256290476', 'S_stop,0.9983860940365287', 'L_target,1.0174516960665938', 'L_stop,0.995134228032378', 'S_stop,0.9741491075167835', 'S_stop,0.9536108210562588', 'L_stop,0.9326918441096584', 'L_stop,0.9122488066086623', 'S_target,0.9304226616667978', 'S_target,0.9489728233567885', 'L_target,0.9671193443255062', 'L_stop,0.9459373750747817', 'S_stop,0.9259737617663883', 'L_target,0.9436848073654989', 'S_target,0.9624986876688877', 'L_target,0.9808674034302736', 'L_target,0.999628651107115']
26-07-20,02:20:14,Profit/loss: -0.11%
26-07-20,02:20:14,Winrate: 52.94%
26-07-20,02:20:14,Signals: ['SHORT = 2020-06-06T05:15:00+00:00', 'SHORT = 2020-06-07T17:30:00+00:00', 'LONG = 2020-06-08T03:00:00+00:00', 'LONG = 2020-06-11T05:00:00+00:00', 'SHORT = 2020-06-12T02:15:00+00:00', 'SHORT = 2020-06-15T10:00:00+00:00', 'LONG = 2020-06-16T00:00:00+00:00', 'LONG = 2020-06-23T02:00:00+00:00', 'SHORT = 2020-06-24T19:00:00+00:00', 'SHORT = 2020-06-25T07:45:00+00:00', 'LONG = 2020-06-28T21:00:00+00:00', 'LONG = 2020-07-01T20:15:00+00:00', 'SHORT = 2020-07-02T20:30:00+00:00', 'LONG = 2020-07-06T22:00:00+00:00', 'SHORT = 2020-07-09T21:15:00+00:00', 'LONG = 2020-07-21T16:15:00+00:00', 'LONG = 2020-07-23T03:45:00+00:00', 'LONG = 2020-07-26T00:00:00+00:00']
26-07-20,02:20:14,(////////////////////////////////////////////////////////
26-07-20,02:21:54,Margin: 0.901, Profit/loss: 90.1, Stops: 3, Targets: 1
26-07-20,02:21:54,Stops: [['2020-06-22T21:00:00+00:00', 9710.5], ['2020-06-25T03:00:00+00:00', 9095.5], ['2020-07-23T16:45:00+00:00', 9647.0]]
26-07-20,02:21:54,Targets: [['2020-06-11T16:45:00+00:00', 9056.5]]
26-07-20,02:21:54,margins: ['S_target,1.0521389710311593', 'S_stop,1.0014848314212361', 'L_stop,0.9472467099248485', 'S_stop,0.9016713163835578']
26-07-20,02:21:54,Profit/loss: -9.9%
26-07-20,02:21:54,Winrate: 25.0%
26-07-20,02:21:54,Signals: ['SHORT = 2020-06-06T05:15:00+00:00', 'SHORT = 2020-06-12T02:15:00+00:00', 'LONG = 2020-06-23T02:00:00+00:00', 'SHORT = 2020-06-25T07:45:00+00:00', 'LONG = 2020-07-26T00:00:00+00:00']
26-07-20,02:21:54,(////////////////////////////////////////////////////////
26-07-20,02:22:10,Margin: 0.95468, Profit/loss: 95.47, Stops: 11, Targets: 8
26-07-20,02:22:10,Stops: [['2020-06-06T12:00:00+00:00', 9721.0], ['2020-06-07T19:30:00+00:00', 9664.0], ['2020-06-11T06:15:00+00:00', 9805.0], ['2020-06-12T07:15:00+00:00', 9434.0], ['2020-06-15T13:45:00+00:00', 9179.5], ['2020-06-24T07:30:00+00:00', 9563.5], ['2020-06-25T08:00:00+00:00', 9251.5], ['2020-06-29T13:15:00+00:00', 9030.0], ['2020-06-30T13:00:00+00:00', 9072.5], ['2020-07-02T15:00:00+00:00', 9052.5], ['2020-07-04T17:30:00+00:00', 9159.0]]
26-07-20,02:22:10,Targets: [['2020-06-08T09:15:00+00:00', 9727.5], ['2020-06-16T03:00:00+00:00', 9561.5], ['2020-06-24T21:15:00+00:00', 9246.0], ['2020-07-05T21:15:00+00:00', 8971.5], ['2020-07-07T00:00:00+00:00', 9376.0], ['2020-07-10T04:30:00+00:00', 9149.5], ['2020-07-22T22:15:00+00:00', 9468.0], ['2020-07-23T14:15:00+00:00', 9496.5]]
26-07-20,02:22:10,margins: ['S_stop,0.9896077572885545', 'S_stop,0.9792924656618234', 'L_target,0.9885175253439684', 'L_stop,0.977036491112217', 'S_stop,0.9668491608762219', 'S_stop,0.9567948973707243', 'L_target,0.9657683816915023', 'L_stop,0.9545587345476315', 'S_target,0.9637034711956133', 'S_stop,0.9536924811233755', 'L_stop,0.9426383740649509', 'L_stop,0.931710662785996', 'L_stop,0.9209046431584853', 'S_stop,0.9113435035130938', 'S_target,0.920117767017402', 'L_target,0.9287771645228278', 'S_target,0.9377070703382931', 'L_target,0.946511286118608', 'L_target,0.9553942501098612']
26-07-20,02:22:10,Profit/loss: -4.53%
26-07-20,02:22:10,Winrate: 42.11%
26-07-20,02:22:10,Signals: ['SHORT = 2020-06-06T05:15:00+00:00', 'SHORT = 2020-06-07T17:30:00+00:00', 'LONG = 2020-06-08T03:00:00+00:00', 'LONG = 2020-06-11T05:00:00+00:00', 'SHORT = 2020-06-12T02:15:00+00:00', 'SHORT = 2020-06-15T10:00:00+00:00', 'LONG = 2020-06-16T00:00:00+00:00', 'LONG = 2020-06-23T02:00:00+00:00', 'SHORT = 2020-06-24T19:00:00+00:00', 'SHORT = 2020-06-25T07:45:00+00:00', 'LONG = 2020-06-28T21:00:00+00:00', 'LONG = 2020-06-30T03:00:00+00:00', 'LONG = 2020-07-01T20:15:00+00:00', 'SHORT = 2020-07-02T20:30:00+00:00', 'SHORT = 2020-07-05T16:30:00+00:00', 'LONG = 2020-07-06T22:00:00+00:00', 'SHORT = 2020-07-09T21:15:00+00:00', 'LONG = 2020-07-21T16:15:00+00:00', 'LONG = 2020-07-23T03:45:00+00:00', 'LONG = 2020-07-26T00:00:00+00:00']
26-07-20,02:22:10,(////////////////////////////////////////////////////////
26-07-20,02:22:39,Margin: 0.99141, Profit/loss: 99.14, Stops: 17, Targets: 19
26-07-20,02:22:39,Stops: [['2020-05-09T06:00:00+00:00', 9704.0], ['2020-05-11T11:00:00+00:00', 8930.0], ['2020-05-15T09:00:00+00:00', 9613.0], ['2020-05-15T13:00:00+00:00', 9547.5], ['2020-05-15T15:00:00+00:00', 9478.5], ['2020-05-18T17:00:00+00:00', 9618.5], ['2020-05-22T15:00:00+00:00', 9223.5], ['2020-05-26T08:00:00+00:00', 8962.0], ['2020-05-29T15:00:00+00:00', 9410.5], ['2020-06-12T14:00:00+00:00', 9410.5], ['2020-06-24T07:00:00+00:00', 9508.0], ['2020-06-25T21:00:00+00:00', 9296.0], ['2020-06-30T13:00:00+00:00', 9127.5], ['2020-07-04T17:00:00+00:00', 9172.5], ['2020-07-09T14:00:00+00:00', 9291.0], ['2020-07-12T13:00:00+00:00', 9215.0], ['2020-07-18T09:00:00+00:00', 9169.5]]
26-07-20,02:22:39,Targets: [['2020-05-08T14:00:00+00:00', 9981.5], ['2020-05-11T16:00:00+00:00', 8602.5], ['2020-05-11T17:00:00+00:00', 8502.0], ['2020-05-16T15:00:00+00:00', 9373.0], ['2020-05-23T09:00:00+00:00', 9139.5], ['2020-05-24T06:00:00+00:00', 9277.0], ['2020-05-30T04:00:00+00:00', 9512.5], ['2020-06-04T09:00:00+00:00', 9559.0], ['2020-06-07T08:00:00+00:00', 9661.5], ['2020-06-12T17:00:00+00:00', 9330.5], ['2020-06-13T04:00:00+00:00', 9403.5], ['2020-06-17T13:00:00+00:00', 9436.0], ['2020-06-18T19:00:00+00:00', 9392.0], ['2020-06-26T00:00:00+00:00', 9276.0], ['2020-06-26T05:00:00+00:00', 9206.0], ['2020-06-27T17:00:00+00:00', 9069.0], ['2020-07-08T13:00:00+00:00', 9448.0], ['2020-07-22T22:00:00+00:00', 9534.0], ['2020-07-24T20:00:00+00:00', 9632.5]]
26-07-20,02:22:39,margins: ['L_target,1.0093994894957405', 'L_stop,0.9976739521832642', 'S_stop,0.9873030319485324', 'S_target,0.9967980543504782', 'S_target,1.0063679332594861', 'L_stop,0.9947115741580814', 'L_stop,0.9831541325007304', 'L_stop,0.9717380661869222', 'S_target,0.9810458292044986', 'L_stop,0.9696645807210265', 'S_stop,0.9595898295979112', 'S_target,0.9687805654103322', 'L_target,0.9778722585952512', 'S_stop,0.9677001235574937', 'L_stop,0.9564531110764599', 'L_target,0.9654321880317468', 'S_target,0.9747082710431794', 'S_target,0.9840569279561795', 'S_stop,0.973823661319589', 'S_target,0.9831645515356568', 'S_target,0.9925939831342013', 'L_target,1.0019188066122782', 'S_target,1.0115634146730048', 'L_stop,0.9998179872341757', 'S_stop,0.9894114705889033', 'S_target,0.9989181089673655', 'S_target,1.0085376685964345', 'S_target,1.0182264305719642', 'L_stop,1.006400171679552', 'S_stop,0.9959194440684834', 'L_target,1.0053057429936307', 'L_stop,0.9936354093379247', 'S_stop,0.9832773344544385', 'S_stop,0.9730218409225871', 'L_target,0.9821690342977505', 'L_target,0.9914111559164968']
26-07-20,02:22:39,Profit/loss: -0.86%
26-07-20,02:22:39,Winrate: 52.78%
26-07-20,02:22:39,Signals: ['LONG = 2020-05-08T12:00:00+00:00', 'LONG = 2020-05-09T04:00:00+00:00', 'SHORT = 2020-05-11T10:00:00+00:00', 'SHORT = 2020-05-11T15:00:00+00:00', 'SHORT = 2020-05-11T16:00:00+00:00', 'LONG = 2020-05-15T07:00:00+00:00', 'LONG = 2020-05-15T10:00:00+00:00', 'LONG = 2020-05-15T13:00:00+00:00', 'SHORT = 2020-05-16T12:00:00+00:00', 'LONG = 2020-05-18T13:00:00+00:00', 'SHORT = 2020-05-22T13:00:00+00:00', 'SHORT = 2020-05-22T15:00:00+00:00', 'LONG = 2020-05-23T18:00:00+00:00', 'SHORT = 2020-05-25T22:00:00+00:00', 'LONG = 2020-05-29T13:00:00+00:00', 'LONG = 2020-05-29T15:00:00+00:00', 'SHORT = 2020-06-04T01:00:00+00:00', 'SHORT = 2020-06-06T19:00:00+00:00', 'SHORT = 2020-06-12T12:00:00+00:00', 'SHORT = 2020-06-12T14:00:00+00:00', 'SHORT = 2020-06-12T20:00:00+00:00', 'LONG = 2020-06-17T01:00:00+00:00', 'SHORT = 2020-06-18T08:00:00+00:00', 'LONG = 2020-06-23T21:00:00+00:00', 'SHORT = 2020-06-25T18:00:00+00:00', 'SHORT = 2020-06-25T21:00:00+00:00', 'SHORT = 2020-06-26T00:00:00+00:00', 'SHORT = 2020-06-27T13:00:00+00:00', 'LONG = 2020-06-30T11:00:00+00:00', 'SHORT = 2020-07-03T16:00:00+00:00', 'LONG = 2020-07-07T11:00:00+00:00', 'LONG = 2020-07-09T08:00:00+00:00', 'SHORT = 2020-07-10T19:00:00+00:00', 'SHORT = 2020-07-17T02:00:00+00:00', 'LONG = 2020-07-22T10:00:00+00:00', 'LONG = 2020-07-24T09:00:00+00:00']
26-07-20,02:22:39,(////////////////////////////////////////////////////////
26-07-20,02:23:35,Margin: 1.07976, Profit/loss: 107.98, Stops: 12, Targets: 16
26-07-20,02:23:35,Stops: [['2020-05-09T07:00:00+00:00', 9607.0], ['2020-05-11T11:00:00+00:00', 8930.0], ['2020-05-15T10:00:00+00:00', 9590.0], ['2020-05-15T19:00:00+00:00', 9336.0], ['2020-05-19T03:00:00+00:00', 9524.0], ['2020-05-23T02:00:00+00:00', 9272.0], ['2020-05-24T16:00:00+00:00', 8937.0], ['2020-06-17T20:00:00+00:00', 9372.0], ['2020-06-24T10:00:00+00:00', 9361.5], ['2020-07-02T16:00:00+00:00', 9040.0], ['2020-07-09T15:00:00+00:00', 9208.5], ['2020-07-21T07:00:00+00:00', 9329.5]]
26-07-20,02:23:35,Targets: [['2020-05-11T16:00:00+00:00', 8602.5], ['2020-05-11T17:00:00+00:00', 8502.0], ['2020-05-16T18:00:00+00:00', 9285.0], ['2020-05-26T15:00:00+00:00', 8713.5], ['2020-05-30T22:00:00+00:00', 9735.0], ['2020-06-04T11:00:00+00:00', 9626.0], ['2020-06-07T13:00:00+00:00', 9442.5], ['2020-06-14T22:00:00+00:00', 9386.5], ['2020-06-19T03:00:00+00:00', 9266.0], ['2020-06-26T14:00:00+00:00', 9079.5], ['2020-06-27T19:00:00+00:00', 8915.0], ['2020-07-05T21:00:00+00:00', 9032.5], ['2020-07-08T13:00:00+00:00', 9448.0], ['2020-07-16T09:00:00+00:00', 9061.5], ['2020-07-22T22:00:00+00:00', 9534.0], ['2020-07-25T17:00:00+00:00', 9721.0]]
26-07-20,02:23:35,margins: ['L_stop,0.9790744104628055', 'S_stop,0.9594182003083231', 'S_target,0.9795091223548728', 'S_target,0.999987374903133', 'L_stop,0.9790639098695872', 'L_stop,0.9585577062001358', 'S_target,0.9786076679482939', 'L_stop,0.9581453656090168', 'S_stop,0.9388681930727845', 'L_stop,0.9191978435379748', 'S_target,0.9384196376621211', 'L_target,0.9572619834702493', 'S_target,0.9772901733160183', 'S_target,0.9977041329218431', 'S_target,1.0185599488101686', 'L_stop,0.997255903512913', 'S_target,1.0181026999444978', 'L_stop,0.9967952773303492', 'S_target,1.017651908189223', 'S_target,1.0389401925368345', 'L_stop,1.017190368411547', 'S_target,1.0384858151960166', 'L_target,1.0593603287842266', 'L_stop,1.0371948066391983', 'S_target,1.0588735358179087', 'S_stop,1.0375980095353097', 'L_target,1.0584600449103518', 'L_target,1.0797624739920175']
26-07-20,02:23:35,Profit/loss: 7.98%
26-07-20,02:23:35,Winrate: 57.14%
26-07-20,02:23:35,Signals: ['LONG = 2020-05-08T12:00:00+00:00', 'SHORT = 2020-05-11T10:00:00+00:00', 'SHORT = 2020-05-11T15:00:00+00:00', 'SHORT = 2020-05-11T16:00:00+00:00', 'LONG = 2020-05-15T07:00:00+00:00', 'LONG = 2020-05-15T10:00:00+00:00', 'SHORT = 2020-05-16T12:00:00+00:00', 'LONG = 2020-05-18T13:00:00+00:00', 'SHORT = 2020-05-22T13:00:00+00:00', 'LONG = 2020-05-23T18:00:00+00:00', 'SHORT = 2020-05-25T22:00:00+00:00', 'LONG = 2020-05-29T13:00:00+00:00', 'SHORT = 2020-06-04T01:00:00+00:00', 'SHORT = 2020-06-06T19:00:00+00:00', 'SHORT = 2020-06-12T12:00:00+00:00', 'LONG = 2020-06-17T01:00:00+00:00', 'SHORT = 2020-06-18T08:00:00+00:00', 'LONG = 2020-06-23T21:00:00+00:00', 'SHORT = 2020-06-25T18:00:00+00:00', 'SHORT = 2020-06-27T13:00:00+00:00', 'LONG = 2020-06-30T11:00:00+00:00', 'SHORT = 2020-07-03T16:00:00+00:00', 'LONG = 2020-07-07T11:00:00+00:00', 'LONG = 2020-07-09T08:00:00+00:00', 'SHORT = 2020-07-10T19:00:00+00:00', 'SHORT = 2020-07-17T02:00:00+00:00', 'LONG = 2020-07-22T10:00:00+00:00', 'LONG = 2020-07-24T09:00:00+00:00']
26-07-20,02:23:35,(////////////////////////////////////////////////////////
26-07-20,02:24:14,Margin: 1.03669, Profit/loss: 103.67, Stops: 6, Targets: 7
26-07-20,02:24:14,Stops: [['2020-05-10T00:00:00+00:00', 8703.0], ['2020-05-15T20:00:00+00:00', 9250.0], ['2020-05-18T01:00:00+00:00', 9910.0], ['2020-05-21T14:00:00+00:00', 9075.5], ['2020-05-28T12:00:00+00:00', 9425.5], ['2020-06-27T19:00:00+00:00', 8915.0]]
26-07-20,02:24:14,Targets: [['2020-05-11T16:00:00+00:00', 8602.5], ['2020-05-11T18:00:00+00:00', 8604.0], ['2020-05-25T00:00:00+00:00', 8804.5], ['2020-06-01T23:00:00+00:00', 10247.0], ['2020-06-11T16:00:00+00:00', 9056.5], ['2020-06-15T05:00:00+00:00', 9024.0], ['2020-07-23T14:00:00+00:00', 9504.5]]
26-07-20,02:24:14,margins: ['L_stop,0.9468234335236273', 'S_target,0.9971561195221507', 'S_target,1.0501334412917638', 'L_stop,0.9943211630145384', 'S_stop,0.9465260205810374', 'L_stop,0.8961799224576964', 'S_target,0.9437909813167943', 'S_stop,0.8984134606693499', 'L_target,0.9416448427964575', 'S_target,0.9917146657940115', 'S_target,1.0443919897687366', 'L_stop,0.9888829037909797', 'L_target,1.0364289633729489']
26-07-20,02:24:14,Profit/loss: 3.67%
26-07-20,02:24:14,Winrate: 53.85%
26-07-20,02:24:14,Signals: ['LONG = 2020-05-08T12:00:00+00:00', 'SHORT = 2020-05-11T10:00:00+00:00', 'SHORT = 2020-05-11T16:00:00+00:00', 'LONG = 2020-05-15T07:00:00+00:00', 'SHORT = 2020-05-16T12:00:00+00:00', 'LONG = 2020-05-18T13:00:00+00:00', 'SHORT = 2020-05-22T13:00:00+00:00', 'SHORT = 2020-05-25T22:00:00+00:00', 'LONG = 2020-05-29T13:00:00+00:00', 'SHORT = 2020-06-04T01:00:00+00:00', 'SHORT = 2020-06-12T12:00:00+00:00', 'LONG = 2020-06-17T01:00:00+00:00', 'LONG = 2020-06-30T11:00:00+00:00', 'LONG = 2020-07-24T09:00:00+00:00']
26-07-20,02:24:14,(////////////////////////////////////////////////////////
26-07-20,02:24:54,Margin: 0.87938, Profit/loss: 87.94, Stops: 11, Targets: 7
26-07-20,02:24:54,Stops: [['2020-05-09T11:00:00+00:00', 9653.0], ['2020-05-11T12:00:00+00:00', 8860.0], ['2020-05-15T19:00:00+00:00', 9336.0], ['2020-05-17T12:00:00+00:00', 9777.0], ['2020-05-20T15:00:00+00:00', 9402.0], ['2020-05-27T10:00:00+00:00', 9130.0], ['2020-06-10T18:00:00+00:00', 9836.0], ['2020-06-20T11:00:00+00:00', 9323.5], ['2020-06-24T10:00:00+00:00', 9361.5], ['2020-07-10T04:00:00+00:00', 9140.0], ['2020-07-22T22:00:00+00:00', 9534.0]]
26-07-20,02:24:54,Targets: [['2020-05-11T16:00:00+00:00', 8602.5], ['2020-05-11T18:00:00+00:00', 8604.0], ['2020-05-24T23:00:00+00:00', 8708.5], ['2020-05-30T22:00:00+00:00', 9735.0], ['2020-06-15T03:00:00+00:00', 9157.0], ['2020-06-27T19:00:00+00:00', 8915.0], ['2020-07-08T13:00:00+00:00', 9448.0]]
26-07-20,02:24:54,margins: ['L_stop,0.9685457526154854', 'S_stop,0.9398974399211899', 'S_target,0.9694252411472797', 'S_target,0.9998889325575467', 'L_stop,0.9684686091311413', 'S_stop,0.9398167826931092', 'L_stop,0.9102798702030634', 'S_target,0.9389085663295177', 'S_stop,0.9111165001162239', 'L_target,0.9380921420437826', 'S_stop,0.9103092788698844', 'S_target,0.938913147543415', 'L_stop,0.9093945041797753', 'L_stop,0.8807868405596604', 'S_target,0.9084904942574451', 'L_target,0.9354125830364926', 'L_stop,0.9059924857015507', 'S_stop,0.8791629013706346']
26-07-20,02:24:54,Profit/loss: -12.06%
26-07-20,02:24:54,Winrate: 38.89%
26-07-20,02:24:54,Signals: ['LONG = 2020-05-08T12:00:00+00:00', 'SHORT = 2020-05-11T10:00:00+00:00', 'SHORT = 2020-05-11T15:00:00+00:00', 'SHORT = 2020-05-11T16:00:00+00:00', 'LONG = 2020-05-15T07:00:00+00:00', 'SHORT = 2020-05-16T12:00:00+00:00', 'LONG = 2020-05-18T13:00:00+00:00', 'SHORT = 2020-05-22T13:00:00+00:00', 'SHORT = 2020-05-25T22:00:00+00:00', 'LONG = 2020-05-29T13:00:00+00:00', 'SHORT = 2020-06-04T01:00:00+00:00', 'SHORT = 2020-06-12T12:00:00+00:00', 'LONG = 2020-06-17T01:00:00+00:00', 'LONG = 2020-06-23T21:00:00+00:00', 'SHORT = 2020-06-25T18:00:00+00:00', 'LONG = 2020-06-30T11:00:00+00:00', 'LONG = 2020-07-09T08:00:00+00:00', 'SHORT = 2020-07-10T19:00:00+00:00', 'LONG = 2020-07-24T09:00:00+00:00']
26-07-20,02:24:54,(////////////////////////////////////////////////////////
26-07-20,02:25:06,Margin: 0.8613, Profit/loss: 86.13, Stops: 17, Targets: 4
26-07-20,02:25:06,Stops: [['2020-05-09T07:00:00+00:00', 9607.0], ['2020-05-11T11:00:00+00:00', 8930.0], ['2020-05-15T10:00:00+00:00', 9590.0], ['2020-05-15T19:00:00+00:00', 9336.0], ['2020-05-17T12:00:00+00:00', 9777.0], ['2020-05-19T03:00:00+00:00', 9524.0], ['2020-05-23T02:00:00+00:00', 9272.0], ['2020-05-24T16:00:00+00:00', 8937.0], ['2020-05-27T10:00:00+00:00', 9130.0], ['2020-06-04T15:00:00+00:00', 9839.0], ['2020-06-09T00:00:00+00:00', 9709.0], ['2020-06-17T20:00:00+00:00', 9372.0], ['2020-06-22T16:00:00+00:00', 9594.5], ['2020-06-24T10:00:00+00:00', 9361.5], ['2020-07-08T13:00:00+00:00', 9448.0], ['2020-07-09T15:00:00+00:00', 9208.5], ['2020-07-21T12:00:00+00:00', 9377.0]]
26-07-20,02:25:06,Targets: [['2020-05-11T16:00:00+00:00', 8602.5], ['2020-05-11T18:00:00+00:00', 8604.0], ['2020-06-01T23:00:00+00:00', 10247.0], ['2020-06-15T05:00:00+00:00', 9024.0]]
26-07-20,02:25:06,margins: ['L_stop,0.9790744104628055', 'S_stop,0.9594182003083231', 'S_target,1.0104164641831017', 'S_target,1.0640978445539897', 'L_stop,1.0418312461954664', 'L_stop,1.020010234281366', 'S_stop,0.9995120683448062', 'L_stop,0.9786123707597584', 'S_stop,0.958922320974153', 'L_stop,0.9388312642076329', 'S_stop,0.9199681799440592', 'L_target,0.9642398076425198', 'S_stop,0.9448556780647104', 'S_stop,0.925893511531473', 'S_target,0.9750762434080454', 'L_stop,0.9546815306081596', 'S_stop,0.9355080962392782', 'L_stop,0.9159296510048361', 'S_stop,0.8975157345087449', 'L_stop,0.8787358077827354', 'S_stop,0.8610878083691271']
26-07-20,02:25:06,Profit/loss: -13.87%
26-07-20,02:25:06,Winrate: 19.05%
26-07-20,02:25:06,Signals: ['LONG = 2020-05-08T12:00:00+00:00', 'SHORT = 2020-05-11T10:00:00+00:00', 'SHORT = 2020-05-11T15:00:00+00:00', 'SHORT = 2020-05-11T16:00:00+00:00', 'LONG = 2020-05-15T07:00:00+00:00', 'LONG = 2020-05-15T10:00:00+00:00', 'SHORT = 2020-05-16T12:00:00+00:00', 'LONG = 2020-05-18T13:00:00+00:00', 'SHORT = 2020-05-22T13:00:00+00:00', 'LONG = 2020-05-23T18:00:00+00:00', 'SHORT = 2020-05-25T22:00:00+00:00', 'LONG = 2020-05-29T13:00:00+00:00', 'SHORT = 2020-06-04T01:00:00+00:00', 'SHORT = 2020-06-06T19:00:00+00:00', 'SHORT = 2020-06-12T12:00:00+00:00', 'LONG = 2020-06-17T01:00:00+00:00', 'SHORT = 2020-06-18T08:00:00+00:00', 'LONG = 2020-06-23T21:00:00+00:00', 'SHORT = 2020-06-25T18:00:00+00:00', 'LONG = 2020-07-09T08:00:00+00:00', 'SHORT = 2020-07-10T19:00:00+00:00', 'LONG = 2020-07-22T10:00:00+00:00']
26-07-20,02:25:06,(////////////////////////////////////////////////////////
26-07-20,02:25:16,Margin: 0.86988, Profit/loss: 86.99, Stops: 17, Targets: 7
26-07-20,02:25:16,Stops: [['2020-05-09T07:00:00+00:00', 9607.0], ['2020-05-11T11:00:00+00:00', 8930.0], ['2020-05-15T10:00:00+00:00', 9590.0], ['2020-05-15T19:00:00+00:00', 9336.0], ['2020-05-17T12:00:00+00:00', 9777.0], ['2020-05-19T03:00:00+00:00', 9524.0], ['2020-05-23T02:00:00+00:00', 9272.0], ['2020-05-24T16:00:00+00:00', 8937.0], ['2020-05-27T10:00:00+00:00', 9130.0], ['2020-06-04T15:00:00+00:00', 9839.0], ['2020-06-17T20:00:00+00:00', 9372.0], ['2020-06-22T16:00:00+00:00', 9594.5], ['2020-06-24T10:00:00+00:00', 9361.5], ['2020-07-02T16:00:00+00:00', 9040.0], ['2020-07-06T12:00:00+00:00', 9276.0], ['2020-07-16T07:00:00+00:00', 9111.5], ['2020-07-21T07:00:00+00:00', 9329.5]]
26-07-20,02:25:16,Targets: [['2020-05-11T16:00:00+00:00', 8602.5], ['2020-05-11T18:00:00+00:00', 8604.0], ['2020-05-30T22:00:00+00:00', 9735.0], ['2020-06-07T14:00:00+00:00', 9452.5], ['2020-06-15T03:00:00+00:00', 9157.0], ['2020-06-27T19:00:00+00:00', 8915.0], ['2020-07-23T16:00:00+00:00', 9647.0]]
26-07-20,02:25:16,margins: ['L_stop,0.9790744104628055', 'S_stop,0.9594182003083231', 'S_target,0.9895610167861891', 'S_target,1.020660357831351', 'L_stop,0.9993043216786497', 'L_stop,0.9783744090399923', 'S_stop,0.9587120370989829', 'L_stop,0.938665476775488', 'S_stop,0.9197791024913359', 'L_stop,0.9005088821171204', 'S_stop,0.8824177464975748', 'L_target,0.9085431443029691', 'S_stop,0.8902802556361222', 'S_target,0.9182807992448386', 'S_target,0.9471339173839803', 'L_stop,0.9273233013707259', 'S_stop,0.9086993833390108', 'L_stop,0.8896806321622402', 'S_target,0.9176632616187401', 'L_stop,0.8984521760425469', 'S_stop,0.8803822574330119', 'L_stop,0.8619625628278444', 'S_stop,0.8446435842767814', 'L_target,0.8696669952992174']
26-07-20,02:25:16,Profit/loss: -13.01%
26-07-20,02:25:16,Winrate: 29.17%
26-07-20,02:25:16,Signals: ['LONG = 2020-05-08T12:00:00+00:00', 'SHORT = 2020-05-11T10:00:00+00:00', 'SHORT = 2020-05-11T15:00:00+00:00', 'SHORT = 2020-05-11T16:00:00+00:00', 'LONG = 2020-05-15T07:00:00+00:00', 'LONG = 2020-05-15T10:00:00+00:00', 'SHORT = 2020-05-16T12:00:00+00:00', 'LONG = 2020-05-18T13:00:00+00:00', 'SHORT = 2020-05-22T13:00:00+00:00', 'LONG = 2020-05-23T18:00:00+00:00', 'SHORT = 2020-05-25T22:00:00+00:00', 'LONG = 2020-05-29T13:00:00+00:00', 'SHORT = 2020-06-04T01:00:00+00:00', 'SHORT = 2020-06-06T19:00:00+00:00', 'SHORT = 2020-06-12T12:00:00+00:00', 'LONG = 2020-06-17T01:00:00+00:00', 'SHORT = 2020-06-18T08:00:00+00:00', 'LONG = 2020-06-23T21:00:00+00:00', 'SHORT = 2020-06-25T18:00:00+00:00', 'LONG = 2020-06-30T11:00:00+00:00', 'SHORT = 2020-07-03T16:00:00+00:00', 'LONG = 2020-07-07T11:00:00+00:00', 'SHORT = 2020-07-17T02:00:00+00:00', 'LONG = 2020-07-22T10:00:00+00:00', 'LONG = 2020-07-24T09:00:00+00:00']
26-07-20,02:25:16,(////////////////////////////////////////////////////////
26-07-20,02:25:26,Margin: 1.07976, Profit/loss: 107.98, Stops: 12, Targets: 16
26-07-20,02:25:26,Stops: [['2020-05-09T07:00:00+00:00', 9607.0], ['2020-05-11T11:00:00+00:00', 8930.0], ['2020-05-15T10:00:00+00:00', 9590.0], ['2020-05-15T19:00:00+00:00', 9336.0], ['2020-05-19T03:00:00+00:00', 9524.0], ['2020-05-23T02:00:00+00:00', 9272.0], ['2020-05-24T16:00:00+00:00', 8937.0], ['2020-06-17T20:00:00+00:00', 9372.0], ['2020-06-24T10:00:00+00:00', 9361.5], ['2020-07-02T16:00:00+00:00', 9040.0], ['2020-07-09T15:00:00+00:00', 9208.5], ['2020-07-21T07:00:00+00:00', 9329.5]]
26-07-20,02:25:26,Targets: [['2020-05-11T16:00:00+00:00', 8602.5], ['2020-05-11T17:00:00+00:00', 8502.0], ['2020-05-16T18:00:00+00:00', 9285.0], ['2020-05-26T15:00:00+00:00', 8713.5], ['2020-05-30T22:00:00+00:00', 9735.0], ['2020-06-04T11:00:00+00:00', 9626.0], ['2020-06-07T13:00:00+00:00', 9442.5], ['2020-06-14T22:00:00+00:00', 9386.5], ['2020-06-19T03:00:00+00:00', 9266.0], ['2020-06-26T14:00:00+00:00', 9079.5], ['2020-06-27T19:00:00+00:00', 8915.0], ['2020-07-05T21:00:00+00:00', 9032.5], ['2020-07-08T13:00:00+00:00', 9448.0], ['2020-07-16T09:00:00+00:00', 9061.5], ['2020-07-22T22:00:00+00:00', 9534.0], ['2020-07-25T17:00:00+00:00', 9721.0]]
26-07-20,02:25:26,margins: ['L_stop,0.9790744104628055', 'S_stop,0.9594182003083231', 'S_target,0.9795091223548728', 'S_target,0.999987374903133', 'L_stop,0.9790639098695872', 'L_stop,0.9585577062001358', 'S_target,0.9786076679482939', 'L_stop,0.9581453656090168', 'S_stop,0.9388681930727845', 'L_stop,0.9191978435379748', 'S_target,0.9384196376621211', 'L_target,0.9572619834702493', 'S_target,0.9772901733160183', 'S_target,0.9977041329218431', 'S_target,1.0185599488101686', 'L_stop,0.997255903512913', 'S_target,1.0181026999444978', 'L_stop,0.9967952773303492', 'S_target,1.017651908189223', 'S_target,1.0389401925368345', 'L_stop,1.017190368411547', 'S_target,1.0384858151960166', 'L_target,1.0593603287842266', 'L_stop,1.0371948066391983', 'S_target,1.0588735358179087', 'S_stop,1.0375980095353097', 'L_target,1.0584600449103518', 'L_target,1.0797624739920175']
26-07-20,02:25:26,Profit/loss: 7.98%
26-07-20,02:25:26,Winrate: 57.14%
26-07-20,02:25:26,Signals: ['LONG = 2020-05-08T12:00:00+00:00', 'SHORT = 2020-05-11T10:00:00+00:00', 'SHORT = 2020-05-11T15:00:00+00:00', 'SHORT = 2020-05-11T16:00:00+00:00', 'LONG = 2020-05-15T07:00:00+00:00', 'LONG = 2020-05-15T10:00:00+00:00', 'SHORT = 2020-05-16T12:00:00+00:00', 'LONG = 2020-05-18T13:00:00+00:00', 'SHORT = 2020-05-22T13:00:00+00:00', 'LONG = 2020-05-23T18:00:00+00:00', 'SHORT = 2020-05-25T22:00:00+00:00', 'LONG = 2020-05-29T13:00:00+00:00', 'SHORT = 2020-06-04T01:00:00+00:00', 'SHORT = 2020-06-06T19:00:00+00:00', 'SHORT = 2020-06-12T12:00:00+00:00', 'LONG = 2020-06-17T01:00:00+00:00', 'SHORT = 2020-06-18T08:00:00+00:00', 'LONG = 2020-06-23T21:00:00+00:00', 'SHORT = 2020-06-25T18:00:00+00:00', 'SHORT = 2020-06-27T13:00:00+00:00', 'LONG = 2020-06-30T11:00:00+00:00', 'SHORT = 2020-07-03T16:00:00+00:00', 'LONG = 2020-07-07T11:00:00+00:00', 'LONG = 2020-07-09T08:00:00+00:00', 'SHORT = 2020-07-10T19:00:00+00:00', 'SHORT = 2020-07-17T02:00:00+00:00', 'LONG = 2020-07-22T10:00:00+00:00', 'LONG = 2020-07-24T09:00:00+00:00']
26-07-20,02:25:26,(////////////////////////////////////////////////////////
26-07-20,02:26:46,Margin: 1.07976, Profit/loss: 107.98, Stops: 12, Targets: 16
26-07-20,02:26:46,Stops: [['2020-05-09T07:00:00+00:00', 9607.0], ['2020-05-11T11:00:00+00:00', 8930.0], ['2020-05-15T10:00:00+00:00', 9590.0], ['2020-05-15T19:00:00+00:00', 9336.0], ['2020-05-19T03:00:00+00:00', 9524.0], ['2020-05-23T02:00:00+00:00', 9272.0], ['2020-05-24T16:00:00+00:00', 8937.0], ['2020-06-17T20:00:00+00:00', 9372.0], ['2020-06-24T10:00:00+00:00', 9361.5], ['2020-07-02T16:00:00+00:00', 9040.0], ['2020-07-09T15:00:00+00:00', 9208.5], ['2020-07-21T07:00:00+00:00', 9329.5]]
26-07-20,02:26:46,Targets: [['2020-05-11T16:00:00+00:00', 8602.5], ['2020-05-11T17:00:00+00:00', 8502.0], ['2020-05-16T18:00:00+00:00', 9285.0], ['2020-05-26T15:00:00+00:00', 8713.5], ['2020-05-30T22:00:00+00:00', 9735.0], ['2020-06-04T11:00:00+00:00', 9626.0], ['2020-06-07T13:00:00+00:00', 9442.5], ['2020-06-14T22:00:00+00:00', 9386.5], ['2020-06-19T03:00:00+00:00', 9266.0], ['2020-06-26T14:00:00+00:00', 9079.5], ['2020-06-27T19:00:00+00:00', 8915.0], ['2020-07-05T21:00:00+00:00', 9032.5], ['2020-07-08T13:00:00+00:00', 9448.0], ['2020-07-16T09:00:00+00:00', 9061.5], ['2020-07-22T22:00:00+00:00', 9534.0], ['2020-07-25T17:00:00+00:00', 9721.0]]
26-07-20,02:26:46,margins: ['L_stop,0.9790744104628055', 'S_stop,0.9594182003083231', 'S_target,0.9795091223548728', 'S_target,0.999987374903133', 'L_stop,0.9790639098695872', 'L_stop,0.9585577062001358', 'S_target,0.9786076679482939', 'L_stop,0.9581453656090168', 'S_stop,0.9388681930727845', 'L_stop,0.9191978435379748', 'S_target,0.9384196376621211', 'L_target,0.9572619834702493', 'S_target,0.9772901733160183', 'S_target,0.9977041329218431', 'S_target,1.0185599488101686', 'L_stop,0.997255903512913', 'S_target,1.0181026999444978', 'L_stop,0.9967952773303492', 'S_target,1.017651908189223', 'S_target,1.0389401925368345', 'L_stop,1.017190368411547', 'S_target,1.0384858151960166', 'L_target,1.0593603287842266', 'L_stop,1.0371948066391983', 'S_target,1.0588735358179087', 'S_stop,1.0375980095353097', 'L_target,1.0584600449103518', 'L_target,1.0797624739920175']
26-07-20,02:26:46,Profit/loss: 7.98%
26-07-20,02:26:46,Winrate: 57.14%
26-07-20,02:26:46,Signals: ['LONG = 2020-05-08T12:00:00+00:00', 'SHORT = 2020-05-11T10:00:00+00:00', 'SHORT = 2020-05-11T15:00:00+00:00', 'SHORT = 2020-05-11T16:00:00+00:00', 'LONG = 2020-05-15T07:00:00+00:00', 'LONG = 2020-05-15T10:00:00+00:00', 'SHORT = 2020-05-16T12:00:00+00:00', 'LONG = 2020-05-18T13:00:00+00:00', 'SHORT = 2020-05-22T13:00:00+00:00', 'LONG = 2020-05-23T18:00:00+00:00', 'SHORT = 2020-05-25T22:00:00+00:00', 'LONG = 2020-05-29T13:00:00+00:00', 'SHORT = 2020-06-04T01:00:00+00:00', 'SHORT = 2020-06-06T19:00:00+00:00', 'SHORT = 2020-06-12T12:00:00+00:00', 'LONG = 2020-06-17T01:00:00+00:00', 'SHORT = 2020-06-18T08:00:00+00:00', 'LONG = 2020-06-23T21:00:00+00:00', 'SHORT = 2020-06-25T18:00:00+00:00', 'SHORT = 2020-06-27T13:00:00+00:00', 'LONG = 2020-06-30T11:00:00+00:00', 'SHORT = 2020-07-03T16:00:00+00:00', 'LONG = 2020-07-07T11:00:00+00:00', 'LONG = 2020-07-09T08:00:00+00:00', 'SHORT = 2020-07-10T19:00:00+00:00', 'SHORT = 2020-07-17T02:00:00+00:00', 'LONG = 2020-07-22T10:00:00+00:00', 'LONG = 2020-07-24T09:00:00+00:00']
26-07-20,02:26:46,(////////////////////////////////////////////////////////
26-07-20,02:27:35,Margin: 1.01701, Profit/loss: 101.7, Stops: 8, Targets: 9
26-07-20,02:27:35,Stops: [['2020-06-07T19:30:00+00:00', 9664.0], ['2020-06-11T12:45:00+00:00', 9720.0], ['2020-06-12T13:45:00+00:00', 9538.0], ['2020-06-15T15:30:00+00:00', 9277.5], ['2020-06-17T20:00:00+00:00', 9314.5], ['2020-06-24T10:30:00+00:00', 9379.0], ['2020-07-02T15:00:00+00:00', 9052.5], ['2020-07-06T12:30:00+00:00', 9248.5]]
26-07-20,02:27:35,Targets: [['2020-06-07T14:00:00+00:00', 9468.5], ['2020-06-10T18:30:00+00:00', 9953.5], ['2020-06-25T03:00:00+00:00', 9095.5], ['2020-06-27T19:45:00+00:00', 8915.0], ['2020-07-01T16:30:00+00:00', 9289.0], ['2020-07-08T14:00:00+00:00', 9448.5], ['2020-07-16T09:00:00+00:00', 9047.0], ['2020-07-22T22:30:00+00:00', 9550.0], ['2020-07-25T17:15:00+00:00', 9714.5]]
26-07-20,02:27:35,margins: ['S_target,1.0208894256290477', 'S_stop,1.000386964600602', 'L_target,1.0204902214090237', 'L_stop,0.9991267124817296', 'S_stop,0.9790570295878047', 'S_stop,0.959393611167094', 'L_stop,0.9393059835169525', 'L_stop,0.9196568927970715', 'S_target,0.9388978685606413', 'S_target,0.9585566274771851', 'L_target,0.9778441759349081', 'L_stop,0.9574059220778613', 'S_stop,0.9381577676947198', 'L_target,0.9570396504630143', 'S_target,0.9770759446733595', 'L_target,0.9966990130884997', 'L_target,1.0167606081538685']
26-07-20,02:27:35,Profit/loss: 1.7%
26-07-20,02:27:35,Winrate: 52.94%
26-07-20,02:27:35,Signals: ['SHORT = 2020-06-06T05:15:00+00:00', 'SHORT = 2020-06-07T17:30:00+00:00', 'LONG = 2020-06-08T03:00:00+00:00', 'LONG = 2020-06-11T05:00:00+00:00', 'SHORT = 2020-06-12T02:15:00+00:00', 'SHORT = 2020-06-15T10:00:00+00:00', 'LONG = 2020-06-16T00:00:00+00:00', 'LONG = 2020-06-23T02:00:00+00:00', 'SHORT = 2020-06-24T19:00:00+00:00', 'SHORT = 2020-06-25T07:45:00+00:00', 'LONG = 2020-06-28T21:00:00+00:00', 'LONG = 2020-07-01T20:15:00+00:00', 'SHORT = 2020-07-02T20:30:00+00:00', 'LONG = 2020-07-06T22:00:00+00:00', 'SHORT = 2020-07-09T21:15:00+00:00', 'LONG = 2020-07-21T16:15:00+00:00', 'LONG = 2020-07-23T03:45:00+00:00', 'LONG = 2020-07-26T00:00:00+00:00']
26-07-20,02:27:35,(////////////////////////////////////////////////////////
26-07-20,02:28:23,Margin: 0.99743, Profit/loss: 99.74, Stops: 5, Targets: 5
26-07-20,02:28:23,Stops: [['2020-06-10T18:30:00+00:00', 9953.5], ['2020-06-11T13:30:00+00:00', 9613.5], ['2020-06-15T16:00:00+00:00', 9365.0], ['2020-06-24T10:30:00+00:00', 9379.0], ['2020-07-22T22:30:00+00:00', 9550.0]]
26-07-20,02:28:23,Targets: [['2020-06-15T05:45:00+00:00', 9024.0], ['2020-06-22T21:00:00+00:00', 9710.5], ['2020-06-25T03:30:00+00:00', 9069.0], ['2020-06-27T19:45:00+00:00', 8915.0], ['2020-07-08T13:45:00+00:00', 9448.0]]
26-07-20,02:28:23,margins: ['S_stop,0.9703789711601597', 'L_stop,0.9398436595539462', 'S_target,0.9694056025409022', 'S_stop,0.940720348766556', 'L_target,0.9685780087133453', 'L_stop,0.9381207070825482', 'S_target,0.9675964022556888', 'S_target,0.9980221402907808', 'L_target,1.02758465165977', 'S_stop,0.9971842293208658']
26-07-20,02:28:23,Profit/loss: -0.26%
26-07-20,02:28:23,Winrate: 50.0%
26-07-20,02:28:23,Signals: ['SHORT = 2020-06-06T05:15:00+00:00', 'LONG = 2020-06-11T05:00:00+00:00', 'SHORT = 2020-06-12T02:15:00+00:00', 'SHORT = 2020-06-15T10:00:00+00:00', 'LONG = 2020-06-16T00:00:00+00:00', 'LONG = 2020-06-23T02:00:00+00:00', 'SHORT = 2020-06-24T19:00:00+00:00', 'SHORT = 2020-06-25T07:45:00+00:00', 'LONG = 2020-06-28T21:00:00+00:00', 'SHORT = 2020-07-09T21:15:00+00:00', 'LONG = 2020-07-23T03:45:00+00:00']
26-07-20,02:28:23,(////////////////////////////////////////////////////////
26-07-20,02:28:36,Margin: 0.9038, Profit/loss: 90.38, Stops: 3, Targets: 1
26-07-20,02:28:36,Stops: [['2020-06-22T21:00:00+00:00', 9710.5], ['2020-06-25T03:00:00+00:00', 9095.5], ['2020-07-23T16:45:00+00:00', 9647.0]]
26-07-20,02:28:36,Targets: [['2020-06-11T16:45:00+00:00', 9056.5]]
26-07-20,02:28:36,margins: ['S_target,1.0531389710311594', 'S_stop,1.0024885401652384', 'L_stop,0.9491967929287796', 'S_stop,0.903577327881099']
26-07-20,02:28:36,Profit/loss: -9.62%
26-07-20,02:28:36,Winrate: 25.0%
26-07-20,02:28:36,Signals: ['SHORT = 2020-06-06T05:15:00+00:00', 'SHORT = 2020-06-12T02:15:00+00:00', 'LONG = 2020-06-23T02:00:00+00:00', 'SHORT = 2020-06-25T07:45:00+00:00', 'LONG = 2020-07-26T00:00:00+00:00']
26-07-20,02:28:36,(////////////////////////////////////////////////////////
26-07-20,02:29:30,Margin: 0.705, Profit/loss: 70.5, Stops: 7, Targets: 12
26-07-20,02:29:30,Stops: [['2020-07-15T09:15:00+00:00', 0.7925], ['2020-07-15T09:30:00+00:00', 0.798], ['2020-07-17T21:15:00+00:00', 0.989], ['2020-07-18T02:15:00+00:00', 0.994], ['2020-07-18T02:30:00+00:00', 1.026], ['2020-07-24T18:00:00+00:00', 1.835], ['2020-07-25T22:30:00+00:00', 2.05]]
26-07-20,02:29:30,Targets: [['2020-07-18T02:15:00+00:00', 0.994], ['2020-07-18T02:30:00+00:00', 1.026], ['2020-07-18T16:45:00+00:00', 1.064], ['2020-07-19T21:30:00+00:00', 1.478], ['2020-07-20T03:15:00+00:00', 1.5925], ['2020-07-21T23:15:00+00:00', 1.6445], ['2020-07-21T23:30:00+00:00', 1.629], ['2020-07-21T23:45:00+00:00', 1.659], ['2020-07-22T00:00:00+00:00', 1.637], ['2020-07-22T00:15:00+00:00', 1.6515], ['2020-07-22T00:30:00+00:00', 1.661], ['2020-07-24T21:15:00+00:00', 1.9925]]
26-07-20,02:29:30,margins: ['L_stop,1.221302535125229', 'L_stop,1.4826976455353233', 'S_stop,1.1621456653373035', 'L_target,1.1898738368832715', 'L_stop,1.2163452030876885', 'L_target,1.2228829294458374', 'L_stop,1.2281691467496603', 'L_target,1.173388442923491', 'L_target,1.2938671998078342', 'L_target,1.219043300436765', 'L_target,1.0981002528754198', 'L_target,0.981579425876332', 'L_target,0.8766334467480325', 'L_target,0.8130568946081892', 'L_target,0.7575831621708037', 'L_target,0.6967446820012608', 'L_stop,0.735442708139768', 'L_target,0.7806630759871795', 'L_stop,0.7049997811894917']
26-07-20,02:29:30,Profit/loss: -29.5%
26-07-20,02:29:30,Winrate: 63.16%
26-07-20,02:29:30,Signals: ['LONG = 2020-07-15T09:00:00+00:00', 'LONG = 2020-07-15T09:15:00+00:00', 'SHORT = 2020-07-16T13:00:00+00:00', 'LONG = 2020-07-18T02:00:00+00:00', 'LONG = 2020-07-18T02:15:00+00:00', 'LONG = 2020-07-18T16:30:00+00:00', 'LONG = 2020-07-19T06:15:00+00:00', 'LONG = 2020-07-20T03:00:00+00:00', 'LONG = 2020-07-21T23:00:00+00:00', 'LONG = 2020-07-21T23:15:00+00:00', 'LONG = 2020-07-21T23:30:00+00:00', 'LONG = 2020-07-21T23:45:00+00:00', 'LONG = 2020-07-22T00:00:00+00:00', 'LONG = 2020-07-22T00:15:00+00:00', 'LONG = 2020-07-24T17:45:00+00:00', 'LONG = 2020-07-24T18:00:00+00:00', 'LONG = 2020-07-25T09:15:00+00:00']
26-07-20,02:29:30,(////////////////////////////////////////////////////////
26-07-20,02:30:50,Margin: 0.83767, Profit/loss: 83.77, Stops: 4, Targets: 2
26-07-20,02:30:50,Stops: [['2020-07-21T03:00:00+00:00', 1.5005], ['2020-07-21T04:00:00+00:00', 1.471], ['2020-07-21T05:00:00+00:00', 1.412], ['2020-07-26T05:00:00+00:00', 2.0205]]
26-07-20,02:30:50,Targets: [['2020-07-21T04:00:00+00:00', 1.471], ['2020-07-26T05:00:00+00:00', 2.0205]]
26-07-20,02:30:50,margins: ['L_stop,0.7952544701675136', 'L_target,0.7953655997909725', 'L_stop,0.7946434516181414', 'L_stop,0.8074563906618759', 'L_target,0.8231886241644139', 'L_stop,0.8376670505603528']
26-07-20,02:30:50,Profit/loss: -16.23%
26-07-20,02:30:50,Winrate: 33.33%
26-07-20,02:30:50,Signals: ['LONG = 2020-07-20T21:00:00+00:00', 'LONG = 2020-07-21T03:00:00+00:00', 'LONG = 2020-07-21T04:00:00+00:00', 'LONG = 2020-07-26T04:00:00+00:00']
26-07-20,02:30:50,(////////////////////////////////////////////////////////
26-07-20,02:31:11,Margin: 0.66799, Profit/loss: 66.8, Stops: 8, Targets: 13
26-07-20,02:31:11,Stops: [['2020-07-15T09:15:00+00:00', 0.7925], ['2020-07-15T09:30:00+00:00', 0.798], ['2020-07-17T21:15:00+00:00', 0.989], ['2020-07-18T02:15:00+00:00', 0.994], ['2020-07-18T02:30:00+00:00', 1.026], ['2020-07-24T18:00:00+00:00', 1.835], ['2020-07-24T18:15:00+00:00', 1.8455], ['2020-07-24T18:30:00+00:00', 1.862]]
26-07-20,02:31:11,Targets: [['2020-07-18T02:15:00+00:00', 0.994], ['2020-07-18T02:30:00+00:00', 1.026], ['2020-07-18T16:45:00+00:00', 1.064], ['2020-07-19T21:30:00+00:00', 1.478], ['2020-07-20T03:15:00+00:00', 1.5925], ['2020-07-21T23:15:00+00:00', 1.6445], ['2020-07-21T23:30:00+00:00', 1.629], ['2020-07-21T23:45:00+00:00', 1.659], ['2020-07-22T00:00:00+00:00', 1.637], ['2020-07-22T00:15:00+00:00', 1.6515], ['2020-07-22T00:30:00+00:00', 1.661], ['2020-07-25T09:30:00+00:00', 2.173], ['2020-07-25T09:45:00+00:00', 2.1475]]
26-07-20,02:31:11,margins: ['L_stop,1.221302535125229', 'L_stop,1.4826976455353233', 'S_stop,1.1621456653373035', 'L_target,1.1898738368832715', 'L_stop,1.2163452030876885', 'L_target,1.2228829294458374', 'L_stop,1.2281691467496603', 'L_target,1.173388442923491', 'L_target,1.2938671998078342', 'L_target,1.219043300436765', 'L_target,1.0981002528754198', 'L_target,0.981579425876332', 'L_target,0.8766334467480325', 'L_target,0.8130568946081892', 'L_target,0.7575831621708037', 'L_target,0.6967446820012608', 'L_stop,0.735442708139768', 'L_stop,0.7801630759871795', 'L_stop,0.8217821155428554', 'L_target,0.7471188207451676', 'L_target,0.6679854797419461']
26-07-20,02:31:11,Profit/loss: -33.2%
26-07-20,02:31:11,Winrate: 61.9%
26-07-20,02:31:11,Signals: ['LONG = 2020-07-15T09:00:00+00:00', 'LONG = 2020-07-15T09:15:00+00:00', 'SHORT = 2020-07-16T13:00:00+00:00', 'LONG = 2020-07-18T02:00:00+00:00', 'LONG = 2020-07-18T02:15:00+00:00', 'LONG = 2020-07-18T16:30:00+00:00', 'LONG = 2020-07-19T06:15:00+00:00', 'LONG = 2020-07-20T03:00:00+00:00', 'LONG = 2020-07-21T23:00:00+00:00', 'LONG = 2020-07-21T23:15:00+00:00', 'LONG = 2020-07-21T23:30:00+00:00', 'LONG = 2020-07-21T23:45:00+00:00', 'LONG = 2020-07-22T00:00:00+00:00', 'LONG = 2020-07-22T00:15:00+00:00', 'LONG = 2020-07-24T17:45:00+00:00', 'LONG = 2020-07-24T18:00:00+00:00', 'LONG = 2020-07-24T18:15:00+00:00', 'LONG = 2020-07-25T09:15:00+00:00', 'LONG = 2020-07-25T09:30:00+00:00']
26-07-20,02:31:11,(////////////////////////////////////////////////////////
26-07-20,02:31:22,Margin: 0.83791, Profit/loss: 83.79, Stops: 4, Targets: 2
26-07-20,02:31:22,Stops: [['2020-07-21T03:00:00+00:00', 1.5005], ['2020-07-21T04:00:00+00:00', 1.471], ['2020-07-21T05:00:00+00:00', 1.412], ['2020-07-26T05:00:00+00:00', 2.032]]
26-07-20,02:31:22,Targets: [['2020-07-21T04:00:00+00:00', 1.471], ['2020-07-26T05:00:00+00:00', 2.032]]
26-07-20,02:31:22,margins: ['L_stop,0.7952544701675136', 'L_target,0.7953655997909725', 'L_stop,0.7946434516181414', 'L_stop,0.8074563906618759', 'L_target,0.8231886241644139', 'L_stop,0.8376670505603528']
26-07-20,02:31:22,Profit/loss: -16.21%
26-07-20,02:31:22,Winrate: 33.33%
26-07-20,02:31:22,Signals: ['LONG = 2020-07-20T21:00:00+00:00', 'LONG = 2020-07-21T03:00:00+00:00', 'LONG = 2020-07-21T04:00:00+00:00', 'LONG = 2020-07-26T04:00:00+00:00', 'LONG = 2020-07-26T05:00:00+00:00']
26-07-20,02:31:22,(////////////////////////////////////////////////////////
26-07-20,02:31:52,Margin: 0.83791, Profit/loss: 83.79, Stops: 4, Targets: 2
26-07-20,02:31:52,Stops: [['2020-07-21T03:00:00+00:00', 1.5005], ['2020-07-21T04:00:00+00:00', 1.471], ['2020-07-21T05:00:00+00:00', 1.412], ['2020-07-26T05:00:00+00:00', 2.0335]]
26-07-20,02:31:52,Targets: [['2020-07-21T04:00:00+00:00', 1.471], ['2020-07-26T05:00:00+00:00', 2.0335]]
26-07-20,02:31:52,margins: ['L_stop,0.7952544701675136', 'L_target,0.7953655997909725', 'L_stop,0.7946434516181414', 'L_stop,0.8074563906618759', 'L_target,0.8231886241644139', 'L_stop,0.8376670505603528']
26-07-20,02:31:52,Profit/loss: -16.21%
26-07-20,02:31:52,Winrate: 33.33%
26-07-20,02:31:52,Signals: ['LONG = 2020-07-20T21:00:00+00:00', 'LONG = 2020-07-21T03:00:00+00:00', 'LONG = 2020-07-21T04:00:00+00:00', 'LONG = 2020-07-26T04:00:00+00:00', 'LONG = 2020-07-26T05:00:00+00:00']
26-07-20,02:31:52,(////////////////////////////////////////////////////////
26-07-20,02:32:05,Margin: 0.83791, Profit/loss: 83.79, Stops: 4, Targets: 2
26-07-20,02:32:05,Stops: [['2020-07-21T03:00:00+00:00', 1.5005], ['2020-07-21T04:00:00+00:00', 1.471], ['2020-07-21T05:00:00+00:00', 1.412], ['2020-07-26T05:00:00+00:00', 2.0355]]
26-07-20,02:32:05,Targets: [['2020-07-21T04:00:00+00:00', 1.471], ['2020-07-26T05:00:00+00:00', 2.0355]]
26-07-20,02:32:05,margins: ['L_stop,0.7952544701675136', 'L_target,0.7953655997909725', 'L_stop,0.7946434516181414', 'L_stop,0.8074563906618759', 'L_target,0.8231886241644139', 'L_stop,0.8376670505603528']
26-07-20,02:32:05,Profit/loss: -16.21%
26-07-20,02:32:05,Winrate: 33.33%
26-07-20,02:32:05,Signals: ['LONG = 2020-07-20T21:00:00+00:00', 'LONG = 2020-07-21T03:00:00+00:00', 'LONG = 2020-07-21T04:00:00+00:00', 'LONG = 2020-07-26T04:00:00+00:00', 'LONG = 2020-07-26T05:00:00+00:00']
26-07-20,02:32:05,(////////////////////////////////////////////////////////
26-07-20,02:32:40,Margin: 0.83791, Profit/loss: 83.79, Stops: 4, Targets: 2
26-07-20,02:32:40,Stops: [['2020-07-21T03:00:00+00:00', 1.5005], ['2020-07-21T04:00:00+00:00', 1.471], ['2020-07-21T05:00:00+00:00', 1.412], ['2020-07-26T05:00:00+00:00', 2.034]]
26-07-20,02:32:40,Targets: [['2020-07-21T04:00:00+00:00', 1.471], ['2020-07-26T05:00:00+00:00', 2.034]]
26-07-20,02:32:40,margins: ['L_stop,0.7952544701675136', 'L_target,0.7953655997909725', 'L_stop,0.7946434516181414', 'L_stop,0.8074563906618759', 'L_target,0.8231886241644139', 'L_stop,0.8376670505603528']
26-07-20,02:32:40,Profit/loss: -16.21%
26-07-20,02:32:40,Winrate: 33.33%
26-07-20,02:32:40,Signals: ['LONG = 2020-07-20T21:00:00+00:00', 'LONG = 2020-07-21T03:00:00+00:00', 'LONG = 2020-07-21T04:00:00+00:00', 'LONG = 2020-07-26T04:00:00+00:00', 'LONG = 2020-07-26T05:00:00+00:00']
26-07-20,02:32:40,(////////////////////////////////////////////////////////
26-07-20,02:32:51,Margin: 0.82249, Profit/loss: 82.25, Stops: 4, Targets: 0
26-07-20,02:32:51,Stops: [['2020-07-21T03:00:00+00:00', 1.5005], ['2020-07-21T04:00:00+00:00', 1.471], ['2020-07-21T05:00:00+00:00', 1.412], ['2020-07-26T05:00:00+00:00', 2.0345]]
26-07-20,02:32:51,Targets: []
26-07-20,02:32:51,margins: ['L_stop,0.7952544701675136', 'L_stop,0.794698933124306', 'L_stop,0.8075118721680404', 'L_stop,0.8222441056705784']
26-07-20,02:32:51,Profit/loss: -17.75%
26-07-20,02:32:51,Winrate: 0.0%
26-07-20,02:32:51,Signals: ['LONG = 2020-07-20T21:00:00+00:00', 'LONG = 2020-07-21T03:00:00+00:00', 'LONG = 2020-07-21T04:00:00+00:00', 'LONG = 2020-07-26T04:00:00+00:00', 'LONG = 2020-07-26T05:00:00+00:00']
26-07-20,02:32:51,(////////////////////////////////////////////////////////
26-07-20,02:33:36,Margin: 0.90985, Profit/loss: 90.98, Stops: 5, Targets: 6
26-07-20,02:33:36,Stops: [['2020-07-20T22:00:00+00:00', 1.746], ['2020-07-21T03:00:00+00:00', 1.5005], ['2020-07-21T04:00:00+00:00', 1.471], ['2020-07-21T05:00:00+00:00', 1.412], ['2020-07-26T05:00:00+00:00', 2.0275]]
26-07-20,02:33:36,Targets: [['2020-07-21T00:00:00+00:00', 1.593], ['2020-07-21T01:00:00+00:00', 1.5955], ['2020-07-21T02:00:00+00:00', 1.5175], ['2020-07-21T03:00:00+00:00', 1.5005], ['2020-07-21T04:00:00+00:00', 1.471], ['2020-07-26T05:00:00+00:00', 2.0275]]
26-07-20,02:33:36,margins: ['L_stop,1.1288378035008468', 'L_target,0.999508080275817', 'L_target,0.9223147343875558', 'L_target,0.8827341953715734', 'L_target,0.8753775232134184', 'L_stop,0.8671894397427979', 'L_target,0.8673005693662569', 'L_stop,0.8665784211934258', 'L_stop,0.8793913602371602', 'L_target,0.8951235937396982', 'L_stop,0.9096020201356372']
26-07-20,02:33:36,Profit/loss: -9.02%
26-07-20,02:33:36,Winrate: 54.55%
26-07-20,02:33:36,Signals: ['LONG = 2020-07-20T21:00:00+00:00', 'LONG = 2020-07-20T23:00:00+00:00', 'LONG = 2020-07-21T00:00:00+00:00', 'LONG = 2020-07-21T01:00:00+00:00', 'LONG = 2020-07-21T02:00:00+00:00', 'LONG = 2020-07-21T03:00:00+00:00', 'LONG = 2020-07-21T04:00:00+00:00', 'LONG = 2020-07-26T04:00:00+00:00', 'LONG = 2020-07-26T05:00:00+00:00']
26-07-20,02:33:36,(////////////////////////////////////////////////////////
26-07-20,02:33:45,Margin: 0.83791, Profit/loss: 83.79, Stops: 4, Targets: 2
26-07-20,02:33:45,Stops: [['2020-07-21T03:00:00+00:00', 1.5005], ['2020-07-21T04:00:00+00:00', 1.471], ['2020-07-21T05:00:00+00:00', 1.412], ['2020-07-26T05:00:00+00:00', 2.029]]
26-07-20,02:33:45,Targets: [['2020-07-21T04:00:00+00:00', 1.471], ['2020-07-26T05:00:00+00:00', 2.029]]
26-07-20,02:33:45,margins: ['L_stop,0.7952544701675136', 'L_target,0.7953655997909725', 'L_stop,0.7946434516181414', 'L_stop,0.8074563906618759', 'L_target,0.8231886241644139', 'L_stop,0.8376670505603528']
26-07-20,02:33:45,Profit/loss: -16.21%
26-07-20,02:33:45,Winrate: 33.33%
26-07-20,02:33:45,Signals: ['LONG = 2020-07-20T21:00:00+00:00', 'LONG = 2020-07-21T03:00:00+00:00', 'LONG = 2020-07-21T04:00:00+00:00', 'LONG = 2020-07-26T04:00:00+00:00', 'LONG = 2020-07-26T05:00:00+00:00']
26-07-20,02:33:45,(////////////////////////////////////////////////////////
26-07-20,02:34:02,Margin: 1.14582, Profit/loss: 114.58, Stops: 0, Targets: 2
26-07-20,02:34:02,Stops: []
26-07-20,02:34:02,Targets: [['2020-07-24T21:00:00+00:00', 2.0465], ['2020-07-26T05:00:00+00:00', 2.029]]
26-07-20,02:34:02,margins: ['L_target,1.129837803500847', 'L_target,1.145570037003385']
26-07-20,02:34:02,Profit/loss: 14.58%
26-07-20,02:34:02,Winrate: 100.0%
26-07-20,02:34:02,Signals: ['LONG = 2020-07-20T21:00:00+00:00', 'LONG = 2020-07-26T04:00:00+00:00', 'LONG = 2020-07-26T05:00:00+00:00']
26-07-20,02:34:02,(////////////////////////////////////////////////////////
26-07-20,02:34:16,Margin: 1.00028, Profit/loss: 100.03, Stops: 0, Targets: 0
26-07-20,02:34:16,Stops: []
26-07-20,02:34:16,Targets: []
26-07-20,02:34:16,margins: []
26-07-20,02:34:16,Profit/loss: 0.03%
26-07-20,02:34:38,Margin: 1.00028, Profit/loss: 100.03, Stops: 0, Targets: 0
26-07-20,02:34:38,Stops: []
26-07-20,02:34:38,Targets: []
26-07-20,02:34:38,margins: []
26-07-20,02:34:38,Profit/loss: 0.03%
26-07-20,02:35:17,Margin: 1.00028, Profit/loss: 100.03, Stops: 0, Targets: 0
26-07-20,02:35:17,Stops: []
26-07-20,02:35:17,Targets: []
26-07-20,02:35:17,margins: []
26-07-20,02:35:17,Profit/loss: 0.03%
26-07-20,02:35:34,Margin: 12.80296, Profit/loss: 1280.3, Stops: 0, Targets: 1
26-07-20,02:35:34,Stops: []
26-07-20,02:35:34,Targets: [['2020-07-24T21:00:00+00:00', 2.0465]]
26-07-20,02:35:34,margins: ['L_target,12.490645609824963']
26-07-20,02:35:34,Profit/loss: 1180.3%
26-07-20,02:35:34,Winrate: 100.0%
26-07-20,02:35:34,Signals: ['LONG = 2020-07-20T21:00:00+00:00', 'LONG = 2020-07-26T04:00:00+00:00']
26-07-20,02:35:34,(////////////////////////////////////////////////////////
26-07-20,02:35:46,Margin: 1.13009, Profit/loss: 113.01, Stops: 0, Targets: 1
26-07-20,02:35:46,Stops: []
26-07-20,02:35:46,Targets: [['2020-07-24T21:00:00+00:00', 2.0465]]
26-07-20,02:35:46,margins: ['L_target,1.129837803500847']
26-07-20,02:35:46,Profit/loss: 13.01%
26-07-20,02:35:46,Winrate: 100.0%
26-07-20,02:35:46,Signals: ['LONG = 2020-07-20T21:00:00+00:00', 'LONG = 2020-07-26T04:00:00+00:00']
26-07-20,02:35:46,(////////////////////////////////////////////////////////
